SA,DG,%N,%O,%S,%P,%B,CD,CAP,CONC
343.5,0.84,2.3,,,4.5,,0.5,292,6
784,1.05,3.5,4.1,,,,0.5,98,1
784,1.05,3.5,4.1,,,,20,58,1
784,1.06,4.5,4.4,,,,0.5,104,1
784,1.06,4.5,4.4,,,,20,49,1
784,1.12,3.4,4.4,,,,0.5,134,1
784,1.12,3.4,4.4,,,,20,68,1
784,1.09,3.6,4.3,,,,0.5,114,1
784,1.09,3.6,4.3,,,,20,52,1
784,1.12,3.2,4.2,,,,0.5,134,1
784,1.12,3.2,4.2,,,,20,68,1
784,1.18,2.9,3.8,,,,0.5,155,1
784,1.18,2.9,3.8,,,,20,76,1
9.16,,12.19,10,,,,1,22.5,5
16.91,,18.95,10,,,,1,7.5,5
30.33,,11.79,12.5,,,,1,32,5
21.37,,7.27,18,,,,1,10.5,5
1743,,3.09,,3.06,,,0.7,369,1
1893,,5.23,,4.73,,,0.7,417,1
1723,,8.17,,5.19,,,0.7,277,1
913,0.85,2.6,12.6,,,,5,50,6
972,0.86,2.4,13,,,,5,270,6
624,0.9,1.2,9.9,,,,5,58,6
1935,0.98,0.72,,,,,5,327,0.2
2219,0.98,0.68,,,,,5,274,0.2
1642,0.98,0.58,,,,,5,324,0.2
2270,0.98,0.52,,,,,5,130,0.2
2267,0.94,7.89,12.45,,,2.93,0.5,227,6
2714.4,0.92,7.5,16.98,,,2.77,0.5,258.5,6
1437.7,0.94,6.26,15.57,,,1.86,0.5,130.9,6
952,0.85,2.89,11.25,,,,0.5,178,6
1528,1.58,2.4,9.05,,,,0.5,200,6
1979,1.11,1.4,8.24,,,,0.5,184,6
1267.913,1.31,1.44,7.5,11.72,,,1,280,6
1267.913,1.31,1.44,7.5,11.72,,,10,30,6
1063,1.019,1.24,11.08,,0.25,,1,145,6
1708,1.01,1.07,10.68,,0.29,,1,290,6
2454,1.002,0.95,12.89,,0.18,,1,340.2,6
947,0.855,2.53,5.5,,,,0.05,301,6
1175,0.858,,3.67,,2.71,,0.05,333,6
899,0.856,2.37,10.41,,2.1,,0.05,435,6
829,0.852,,6.96,,,,0.05,280,6
947,0.855,2.53,5.5,,,,10,237.5,6
1175,0.858,,3.67,,2.71,,10,251,6
899,0.856,2.37,10.41,,2.1,,10,340,6
829,0.852,,6.96,,,,10,223,6
947,0.855,2.53,5.5,,,,30,225,6
1175,0.858,,3.67,,2.71,,30,240,6
899,0.856,2.37,10.41,,2.1,,30,325,6
829,0.852,,6.96,,,,30,220,6
947,0.855,2.53,5.5,,,,50,196,6
1175,0.858,,3.67,,2.71,,50,222,6
899,0.856,2.37,10.41,,2.1,,50,311,6
829,0.852,,6.96,,,,50,187,6
1920,1.1,,52.97,,11.59,,0.5,328,1
1920,1.1,,52.97,,11.59,,2,202,1
1920,1.1,,52.97,,11.59,,5,147,1
1920,1.1,,52.97,,11.59,,10,74,1
1330.6,1.25,7.4,7.8,1.4,0.6,,0.5,139,6
1040.5,1.11,5.7,7.1,1.2,0.4,,0.5,166,6
809.3,0.98,2.7,6.5,0.8,0.2,,0.5,129,6
1330.6,1.25,7.4,7.8,1.4,0.6,,5,112.5,6
1040.5,1.11,5.7,7.1,1.2,0.4,,5,119,6
809.3,0.98,2.7,6.5,0.8,0.2,,5,110,6
1330.6,1.25,7.4,7.8,1.4,0.6,,20,97.5,6
1040.5,1.11,5.7,7.1,1.2,0.4,,20,112,6
809.3,0.98,2.7,6.5,0.8,0.2,,20,88,6
4,,,,,,,1,64,1
1055,,,,,8.52,,1,192,1
351,,,,,,,1,36,1
434,,,,,8.65,,1,212,1
247,,,,,,,1,12,1
633,,,,,6.18,,1,220,1
697,,,,,,,1,140,1
1945,0.84,,13.58,,4.58,,0.5,295.3,6
1945,0.84,,13.58,,4.58,,0.5,294.2,1
1945,0.84,,13.58,,4.58,,10,252,6
1945,0.84,,13.58,,4.58,,10,247,1
38.26,,3.87,13.33,,1.96,,0.05,148,6
725.6,,3.34,13.11,,1.77,,0.05,260,6
774,,2.91,12.18,,1.58,,0.05,150,6
156.4,,3.44,15.13,,,,0.05,119,6
725.6,,3.34,13.11,,1.77,,0.1,206,6
725.6,,3.34,13.11,,1.77,,0.2,187,6
725.6,,3.34,13.11,,1.77,,0.5,175,6
725.6,,3.34,13.11,,1.77,,1,169,6
725.6,,3.34,13.11,,1.77,,2,156,6
1155,1.12,11.4,6.7,,3.5,,1,232,6
1155,1.12,11.4,6.7,,3.5,,10,158,6
815,1.38,,4.2,,0.8,,0.3,273,6
805,1.39,,4.93,,1.37,,0.3,312.5,6
751,1.36,,5.2,,1.5,,0.3,312.5,6
815,1.38,,4.2,,0.8,,5,249,6
805,1.39,,4.93,,1.37,,5,275,6
751,1.36,,5.2,,1.5,,5,275,6
637,0.97,1.5,,,0.5,,1,107.2,6
644,0.95,2.2,,,1,,1,200.6,6
855,0.93,2.9,,,0.9,,1,261.1,6
637,0.97,1.5,,,0.5,,2,99.6,6
644,0.95,2.2,,,1,,2,168.4,6
855,0.93,2.9,,,0.9,,2,197.2,6
637,0.97,1.5,,,0.5,,4,88.8,6
644,0.95,2.2,,,1,,4,148.1,6
855,0.93,2.9,,,0.9,,4,166.4,6
637,0.97,1.5,,,0.5,,8,80.6,6
644,0.95,2.2,,,1,,8,131.2,6
855,0.93,2.9,,,0.9,,8,142.4,6
637,0.97,1.5,,,0.5,,16,67.2,6
644,0.95,2.2,,,1,,16,115.2,6
855,0.93,2.9,,,0.9,,16,118.4,6
541,,,4.6,,,,0.1,37.5,1
521,,,5.7,,1.9,,0.1,106.25,1
806,,,16.4,,6.6,,0.1,143.75,1
660,,,17.1,,3.8,,0.1,123.4375,1
475,,,10.1,,0.3,,0.1,12.5,1
555,,,9.5,,0.8,,0.1,87.5,1
528,,,7.8,,0.3,,0.1,49,1
827,,,5.3,,,,0.1,121.875,1
1686,,,9.3,,2.6,,0.1,156.25,1
541,,,4.6,,,,2,25,1
521,,,5.7,,1.9,,2,87.5,1
806,,,16.4,,6.6,,2,125,1
660,,,17.1,,3.8,,2,112.5,1
555,,,9.5,,0.8,,2,73,1
528,,,7.8,,0.3,,2,37.5,1
827,,,5.3,,,,2,110.5,1
1686,,,9.3,,2.6,,2,131.25,1
884,,,12.06,,0.53,,0.1,159,3
874,,,7.3,,0.85,,0.1,202,3
837,,,6.76,,1.01,,0.1,183,3
827,,,5.48,,2.34,,0.1,170,3
827,,,5.48,,2.34,,30,92,3
874,,,7.3,,0.85,,30,148,3
681,,2.3,21.14,,4.53,,0.2,187.5,6
681,,2.3,21.14,,4.53,,10,110.5,6
1142,,2.83,22.66,,4.12,,0.2,312.4,6
1142,,2.83,22.66,,4.12,,10,204.4,6
639,,1.82,14.65,,0.92,,0.2,199.5,6
639,,1.82,14.65,,0.92,,10,136,6
858,,,13.8,,2.5,,0.3,203,1
858,,,13.8,,2.5,,0.6,195,1
858,,,13.8,,2.5,,1.3,190,1
858,,,13.8,,2.5,,3,170,1
858,,,13.8,,2.5,,6.3,160,1
858,,,13.8,,2.5,,10,133,1
858,,,13.8,,2.5,,0.2,385,1
858,,,13.8,,2.5,,0.7,250,1
858,,,13.8,,2.5,,1,201,1
858,,,13.8,,2.5,,2,189,1
858,,,13.8,,2.5,,5,173,1
858,,,13.8,,2.5,,10,132,1
801,0.98,4.87,6.24,,1.23,,1,142.5,6
801,0.98,4.87,6.24,,1.23,,10,120,6
801,0.98,4.87,6.24,,1.23,,20,108.75,6
801,0.98,4.87,6.24,,1.23,,30,101.25,6
1127,,,3.5,,,,1,106,6
1127,,,3.5,,,,2,101.25,6
1127,,,3.5,,,,3,97.5,6
1127,,,3.5,,,,5,93.75,6
1127,,,3.5,,,,10,90,6
1275,,4.4,4.5,,,,1,146.25,6
1275,,4.4,4.5,,,,2,137.75,6
1275,,4.4,4.5,,,,3,137.75,6
1275,,4.4,4.5,,,,5,135,6
1275,,4.4,4.5,,,,10,130.75,6
2282,,,7.7,,2.8,,1,166,6
2282,,,7.7,,2.8,,2,157.5,6
2282,,,7.7,,2.8,,3,149,6
2282,,,7.7,,2.8,,5,143.5,6
2282,,,7.7,,2.8,,10,132,6
1968,,3.2,6.9,,1.7,,1,210,6
1968,,3.2,6.9,,1.7,,2,206.5,6
1968,,3.2,6.9,,1.7,,3,197,6
1968,,3.2,6.9,,1.7,,5,197,6
1968,,3.2,6.9,,1.7,,10,197,6
330,,,6.42,,5.06,,0.05,160,1
550,,,7.73,,8.67,,0.05,161,1
763,,,12.76,,12.64,,0.05,167,1
742,,,12.36,,13.28,,0.05,180,1
554,,,13.12,,12.98,,0.05,168,1
330,,,6.42,,5.06,,1,142,1
550,,,7.73,,8.67,,1,142,1
763,,,12.76,,12.64,,1,145,1
742,,,12.36,,13.28,,1,157,1
554,,,13.12,,12.98,,1,147,1
197.9,,5.6,10.2,,3.3,,2,168.8,6
445.1,,4,8.4,,2.1,,2,183.8,6
380.2,,4,9.8,,2.9,,2,127.2,6
462.3,,5,3.6,,,,2,61,6
49.7,,4.2,3.9,,,,2,27,6
22.4,,3.9,4.4,,,,2,20,6
223,1.45,,13.78,,,,0.5,4,1
223,1.45,,13.78,,,,1,3,1
223,1.45,,13.78,,,,5,2,1
223,1.45,,13.78,,,,10,1,1
786,1.24,,14.39,,1.73,,0.5,43,1
786,1.24,,14.39,,1.73,,1,41,1
786,1.24,,14.39,,1.73,,5,33,1
786,1.24,,14.39,,1.73,,10,23,1
786,1.24,,14.39,,1.73,,20,16,1
786,1.24,,14.39,,1.73,,30,10,1
945,,,12.44,,2.57,,0.5,68,1
945,,,12.44,,2.57,,1,67,1
945,,,12.44,,2.57,,5,57,1
945,,,12.44,,2.57,,10,49,1
945,,,12.44,,2.57,,20,43,1
945,,,12.44,,2.57,,30,37,1
1450,1.13,,13.04,,1.93,,0.5,110,1
1450,1.13,,13.04,,1.93,,1,108,1
1450,1.13,,13.04,,1.93,,5,106,1
1450,1.13,,13.04,,1.93,,10,101,1
1450,1.13,,13.04,,1.93,,20,97,1
1450,1.13,,13.04,,1.93,,30,93,1
1300,1.15,,10.91,,1.42,,0.5,84,1
1300,1.15,,10.91,,1.42,,1,83,1
1300,1.15,,10.91,,1.42,,5,82,1
1300,1.15,,10.91,,1.42,,10,76,1
1300,1.15,,10.91,,1.42,,20,73,1
1300,1.15,,10.91,,1.42,,30,69,1
908,2.6,3.7,11.95,,2.5,,0.5,174,6
908,2.6,3.7,11.95,,2.5,,1,168,6
908,2.6,3.7,11.95,,2.5,,2,165,6
908,2.6,3.7,11.95,,2.5,,4,157,6
908,2.6,3.7,11.95,,2.5,,8,153,6
908,2.6,3.7,11.95,,2.5,,10,151,6
908,2.6,3.7,11.95,,2.5,,20,146,6
908,2.6,3.7,11.95,,2.5,,30,142,6
908,2.6,3.7,11.95,,2.5,,40,132,6
908,2.6,3.7,11.95,,2.5,,50,126,6
1375,2.8,2.46,7.06,,1.41,,0.5,232,6
1375,2.8,2.46,7.06,,1.41,,1,215,6
1375,2.8,2.46,7.06,,1.41,,2,206,6
1375,2.8,2.46,7.06,,1.41,,4,197,6
1375,2.8,2.46,7.06,,1.41,,8,187,6
1375,2.8,2.46,7.06,,1.41,,10,186,6
1375,2.8,2.46,7.06,,1.41,,20,174,6
1375,2.8,2.46,7.06,,1.41,,30,163,6
1375,2.8,2.46,7.06,,1.41,,40,156,6
1375,2.8,2.46,7.06,,1.41,,50,144,6
1294,,2.19,8.08,,2.9,,0.5,197,6
1294,,2.19,8.08,,2.9,,1,186,6
1294,,2.19,8.08,,2.9,,2,180,6
1294,,2.19,8.08,,2.9,,4,173,6
1294,,2.19,8.08,,2.9,,8,167,6
1294,,2.19,8.08,,2.9,,10,164,6
1294,,2.19,8.08,,2.9,,20,156,6
1294,,2.19,8.08,,2.9,,30,148,6
1294,,2.19,8.08,,2.9,,40,143,6
1294,,2.19,8.08,,2.9,,50,131,6
1877,2.9,1.21,6.59,,1.56,,0.5,302,6
1877,2.9,1.21,6.59,,1.56,,1,266,6
1877,2.9,1.21,6.59,,1.56,,2,248,6
1877,2.9,1.21,6.59,,1.56,,4,236,6
1877,2.9,1.21,6.59,,1.56,,8,229,6
1877,2.9,1.21,6.59,,1.56,,10,223,6
1877,2.9,1.21,6.59,,1.56,,20,214,6
1877,2.9,1.21,6.59,,1.56,,30,206,6
1877,2.9,1.21,6.59,,1.56,,40,198,6
1877,2.9,1.21,6.59,,1.56,,50,188,6
1176,,1.47,5.89,,0.33,,0.5,229,6
1176,,1.47,5.89,,0.33,,1,222,6
1176,,1.47,5.89,,0.33,,2,218,6
1176,,1.47,5.89,,0.33,,4,212,6
1176,,1.47,5.89,,0.33,,8,204,6
1176,,1.47,5.89,,0.33,,10,202,6
1176,,1.47,5.89,,0.33,,20,194,6
1176,,1.47,5.89,,0.33,,30,185,6
1176,,1.47,5.89,,0.33,,40,172,6
1176,,1.47,5.89,,0.33,,50,165,6
2024,3.1,0.86,7.37,,0.53,,0.5,273,6
2024,3.1,0.86,7.37,,0.53,,1,252,6
2024,3.1,0.86,7.37,,0.53,,2,233,6
2024,3.1,0.86,7.37,,0.53,,4,220,6
2024,3.1,0.86,7.37,,0.53,,8,211,6
2024,3.1,0.86,7.37,,0.53,,10,210,6
2024,3.1,0.86,7.37,,0.53,,20,196,6
2024,3.1,0.86,7.37,,0.53,,30,188,6
2024,3.1,0.86,7.37,,0.53,,40,183,6
2024,3.1,0.86,7.37,,0.53,,50,178,6
5.565,,,12.45,,4.56,,10,148.7,1
4.895,,,17.03,,4.93,,10,147.9,1
2.914,,,20.85,,6.45,,10,301.3,1
5.565,,,12.45,,4.56,,10,169,1
4.895,,,17.03,,4.93,,10,71.8,1
2.914,,,20.85,,6.45,,10,110.9,1
84.28,1.45,7.29,22.4,,0.39,,0.5,225,6
84.28,1.45,7.29,22.4,,0.39,,5,181.25,6
84.28,1.45,7.29,22.4,,0.39,,10,168.75,6
84.28,1.45,7.29,22.4,,0.39,,20,151,6
142.97,1.59,5.83,14.46,,0.46,,0.5,275,6
142.97,1.59,5.83,14.46,,0.46,,5,225,6
142.97,1.59,5.83,14.46,,0.46,,10,216.67,6
142.97,1.59,5.83,14.46,,0.46,,20,208.34,6
373.96,1.87,3.29,9.79,,0.44,,0.5,300,6
373.96,1.87,3.29,9.79,,0.44,,5,248,6
373.96,1.87,3.29,9.79,,0.44,,10,237.5,6
373.96,1.87,3.29,9.79,,0.44,,20,231.25,6
1022.4,1.12,10.1,11.3,,,6.5,1,265.3,1
1022.4,1.12,10.1,11.3,,,6.5,1.5,250.2,1
1022.4,1.12,10.1,11.3,,,6.5,2,240.2,1
1022.4,1.12,10.1,11.3,,,6.5,3,223.5,1
1022.4,1.12,10.1,11.3,,,6.5,4,210.4,1
1022.4,1.12,10.1,11.3,,,6.5,5,197,1
1022.4,1.12,10.1,11.3,,,6.5,10,148.6,1
1022.4,1.12,10.1,11.3,,,6.5,1,358.4,1
1022.4,1.12,10.1,11.3,,,6.5,1.5,312.8,1
1022.4,1.12,10.1,11.3,,,6.5,2,278.8,1
1022.4,1.12,10.1,11.3,,,6.5,3,267.4,1
1022.4,1.12,10.1,11.3,,,6.5,4,255.2,1
1022.4,1.12,10.1,11.3,,,6.5,5,233,1
1022.4,1.12,10.1,11.3,,,6.5,10,216.1,1
1022.4,1.12,10.1,11.3,,,6.5,1,504,1
1022.4,1.12,10.1,11.3,,,6.5,1.5,454.7,1
1022.4,1.12,10.1,11.3,,,6.5,2,429.4,1
1022.4,1.12,10.1,11.3,,,6.5,3,407.7,1
1022.4,1.12,10.1,11.3,,,6.5,4,387.6,1
1022.4,1.12,10.1,11.3,,,6.5,5,374,1
1022.4,1.12,10.1,11.3,,,6.5,10,337.6,1
949,1,4.31,,,,,1,180,1
826,1,4.73,,,,0.86,1,230,1
694,1,6.02,,,,1.15,1,310,1
641,1,7.8,,,,2.19,1,412,1
508,1.15,,8.1,,,0.82,0.5,200,6
555,1.11,,6.99,,,1.05,0.5,225,6
560,1.09,,6.12,,,1.36,0.5,234.275,6
585,0.98,,5.4,,,1.22,0.5,231.25,6
508,1.15,,8.1,,,0.82,5,162.5,6
555,1.11,,6.99,,,1.05,5,169,6
560,1.09,,6.12,,,1.36,5,206.25,6
585,0.98,,5.4,,,1.22,5,177,6
508,1.15,,8.1,,,0.82,20,112.5,6
555,1.11,,6.99,,,1.05,20,128,6
560,1.09,,6.12,,,1.36,20,156.25,6
585,0.98,,5.4,,,1.22,20,134.5,6
894,,7.1,14.7,,,8.4,0.1,268,6
726,,4.9,10.9,,,4.8,0.1,173,6
894,,7.1,14.7,,,8.4,0.25,235,6
726,,4.9,10.9,,,4.8,0.25,160,6
894,,7.1,14.7,,,8.4,0.5,216,6
726,,4.9,10.9,,,4.8,0.5,152,6
894,,7.1,14.7,,,8.4,1,158,6
726,,4.9,10.9,,,4.8,1,125,6
1158,0.86,,12.24,,,,0.5,256,1
1402,0.89,7.22,12.62,,,,0.5,316,1
1458,0.92,,12.85,,,1.22,0.5,367,1
933,0.95,9.38,11.54,,,3.87,0.5,402,1
1551,1.32,,8.85,,,4.25,1,277,6
1551,1.32,,8.85,,,4.25,100,185,6
446.62,,,6.13,,,,1,166.6,3
781.21,,,10.02,,,0.96,1,282,3
575.85,,,9.65,,,3.91,1,298.4,3
782.49,,,10.56,,,3.99,1,379.9,3
782.49,,,10.56,,,3.99,50,201,3
413.1,0.93,3.67,7.25,,0.49,,0.05,156.3,6
774.5,0.95,3.54,4.97,,0.5,1.5,0.05,221.2,6
894.8,0.98,5.29,5.65,,0.52,2.01,0.05,284.7,6
413.1,0.93,3.67,7.25,,0.49,,40,90.5,6
774.5,0.95,3.54,4.97,,0.5,1.5,40,157.1,6
894.8,0.98,5.29,5.65,,0.52,2.01,40,193.1,6
413.1,0.93,3.67,7.25,,0.49,,0.05,162.6,3
774.5,0.95,3.54,4.97,,0.5,1.5,0.05,275.1,3
894.8,0.98,5.29,5.65,,0.52,2.01,0.05,315.3,3
413.1,0.93,3.67,7.25,,0.49,,20,88.6,3
774.5,0.95,3.54,4.97,,0.5,1.5,20,214.5,3
894.8,0.98,5.29,5.65,,0.52,2.01,20,245.3,3
828,,1.36,8.11,,,,0.2,107,6
666,,2.16,9.89,,,1.94,0.2,106,6
813,,0.6,10.16,,,,0.2,102,6
994,,1.45,10.57,,,1.63,0.2,120,6
91,1.16,,10.9,,,4.7,0.5,172.5,6
91,1.16,,10.9,,,4.7,1,144.5,6
1208.7,1.25,4.4,15.9,,,,1,143.6,3
1208.7,1.25,4.4,15.9,,,,2,122,3
1208.7,1.25,4.4,15.9,,,,3,109.8,3
1208.7,1.25,4.4,15.9,,,,4,100,3
1208.7,1.25,4.4,15.9,,,,5,83.9,3
1503.7,1.08,2.8,21,,,4,1,285.6,3
1503.7,1.08,2.8,21,,,4,2,232.8,3
1503.7,1.08,2.8,21,,,4,3,225.3,3
1503.7,1.08,2.8,21,,,4,4,216,3
1503.7,1.08,2.8,21,,,4,5,200,3
801,,,9.11,,,,0.1,149,1
700,,9.66,8.1,,,,0.1,252,1
686,,14.3,10.21,,,,0.1,264.5,1
676,,17.89,12.89,,,,0.1,250,1
648,,12.41,9.88,,,3.97,0.1,306.25,1
928,1.49,4.71,7.67,,,0.13,1,197,6
1316,1.4,4.88,7.94,,,1.23,1,265,6
1567,1.37,4.99,8.52,,,3.47,1,313,6
1579,1.36,4.94,8.39,,,3.41,1,286,6
1072,1.27,5.33,10.5,,,3.19,1,234,6
773,1.56,2.62,4.97,,,2.87,1,199,6
1726,1.12,2.31,8.24,,,3.25,1,159,6
159,1.51,4.82,8.65,,,3.24,1,207,6
928,1.49,4.71,7.67,,,0.13,5,182,6
1316,1.4,4.88,7.94,,,1.23,5,249,6
1567,1.37,4.99,8.52,,,3.47,5,297,6
1579,1.36,4.94,8.39,,,3.41,5,269,6
1072,1.27,5.33,10.5,,,3.19,5,220,6
773,1.56,2.62,4.97,,,2.87,5,187,6
1726,1.12,2.31,8.24,,,3.25,5,112,6
159,1.51,4.82,8.65,,,3.24,5,198,6
928,1.49,4.71,7.67,,,0.13,10,170,6
1316,1.4,4.88,7.94,,,1.23,10,230,6
1567,1.37,4.99,8.52,,,3.47,10,274,6
1579,1.36,4.94,8.39,,,3.41,10,259,6
1072,1.27,5.33,10.5,,,3.19,10,205,6
773,1.56,2.62,4.97,,,2.87,10,179,6
1726,1.12,2.31,8.24,,,3.25,10,78,6
159,1.51,4.82,8.65,,,3.24,10,191,6
928,1.49,4.71,7.67,,,0.13,20,137,6
1316,1.4,4.88,7.94,,,1.23,20,208,6
1567,1.37,4.99,8.52,,,3.47,20,257,6
1579,1.36,4.94,8.39,,,3.41,20,234,6
1072,1.27,5.33,10.5,,,3.19,20,181,6
773,1.56,2.62,4.97,,,2.87,20,159,6
1726,1.12,2.31,8.24,,,3.25,20,73,6
159,1.51,4.82,8.65,,,3.24,20,167,6
928,1.49,4.71,7.67,,,0.13,40,101,6
1316,1.4,4.88,7.94,,,1.23,40,182,6
1567,1.37,4.99,8.52,,,3.47,40,243,6
1579,1.36,4.94,8.39,,,3.41,40,201,6
1072,1.27,5.33,10.5,,,3.19,40,142,6
773,1.56,2.62,4.97,,,2.87,40,122,6
1726,1.12,2.31,8.24,,,3.25,40,10,6
159,1.51,4.82,8.65,,,3.24,40,133,6
124,1.05,,,,,,1,145,6
1735,1.06,,,,,1.26,1,280,6
1252,1.11,3.51,,,,,1,305,6
1341,1.04,2.82,,,,1.26,1,330,6
47.8,0.77,,15.58,,,5.88,2,59,1
360,1.02,10.5,10.99,0.81,,5.56,0.5,200,6
360,1.02,10.5,10.99,0.81,,5.56,10,116.4,6
1224,1.55,2.15,9.56,,,0.65,0.5,572,2
829,1.82,,10.96,,,0.36,0.5,327,2
1091,1.52,1.35,8.62,,,,0.5,389,2
678.73,1.05,2.97,,,,,0.25,281.02,6
738.33,1.02,1.74,,,,0.69,0.25,201.91,6
734.01,0.98,2.08,,,,1.61,0.25,206.88,6
802.35,0.96,2.56,,,,2.19,0.25,254.83,6
678.73,1.05,2.97,,,,,0.5,213.8,6
738.33,1.02,1.74,,,,0.69,0.5,168.75,6
734.01,0.98,2.08,,,,1.61,0.5,188.51,6
802.35,0.96,2.56,,,,2.19,0.5,231.47,6
678.73,1.05,2.97,,,,,1,191.72,6
738.33,1.02,1.74,,,,0.69,1,157.48,6
734.01,0.98,2.08,,,,1.61,1,181.45,6
802.35,0.96,2.56,,,,2.19,1,222.13,6
678.73,1.05,2.97,,,,,2.5,176.26,6
738.33,1.02,1.74,,,,0.69,2.5,149.71,6
734.01,0.98,2.08,,,,1.61,2.5,170.16,6
802.35,0.96,2.56,,,,2.19,2.5,211.07,6
678.73,1.05,2.97,,,,,5,167.11,6
738.33,1.02,1.74,,,,0.69,5,145.31,6
734.01,0.98,2.08,,,,1.61,5,170.16,6
802.35,0.96,2.56,,,,2.19,5,211.07,6
678.73,1.05,2.97,,,,,10,159.18,6
738.33,1.02,1.74,,,,0.69,10,139.33,6
734.01,0.98,2.08,,,,1.61,10,166.84,6
802.35,0.96,2.56,,,,2.19,10,208.01,6
678.73,1.05,2.97,,,,,25,144.62,6
738.33,1.02,1.74,,,,0.69,25,133.74,6
734.01,0.98,2.08,,,,1.61,25,161.55,6
802.35,0.96,2.56,,,,2.19,25,203.89,6
678.73,1.05,2.97,,,,,50,135.01,6
738.33,1.02,1.74,,,,0.69,50,129.3,6
734.01,0.98,2.08,,,,1.61,50,160.43,6
802.35,0.96,2.56,,,,2.19,50,204.61,6
678.73,1.05,2.97,,,,,100,119.29,6
738.33,1.02,1.74,,,,0.69,100,120.51,6
734.01,0.98,2.08,,,,1.61,100,157.5,6
802.35,0.96,2.56,,,,2.19,100,199.34,6
1181,,2.26,,,,1.03,1,190,6
1181,,2.26,,,,1.03,10,137.5,6
799.6,1.67,21.45,,,,6.46,0.1,660.6,1
799.6,1.67,21.45,,,,6.46,20,131.5,1
880,1.02,7.3,11.6,,,6,0.2,360,6
880,1.02,7.3,11.6,,,6,100,232,6
1122.5,0.85,,5.7,,,,0.5,240.63,6
1122.5,0.85,,5.7,,,,1,228.13,6
1122.5,0.85,,5.7,,,,2,225,6
1122.5,0.85,,5.7,,,,5,215.63,6
1122.5,0.85,,5.7,,,,10,206.25,6
1122.5,0.85,,5.7,,,,20,200,6
2276.6,0.85,,6.8,,,,0.5,287.5,6
2276.6,0.85,,6.8,,,,1,268.75,6
2276.6,0.85,,6.8,,,,2,259.38,6
2276.6,0.85,,6.8,,,,5,253.13,6
2276.6,0.85,,6.8,,,,10,246.88,6
2276.6,0.85,,6.8,,,,20,237.5,6
2217.6,0.85,,7.4,,,,0.5,250,6
2217.6,0.85,,7.4,,,,1,251,6
2217.6,0.85,,7.4,,,,2,256.25,6
2217.6,0.85,,7.4,,,,5,246.88,6
2217.6,0.85,,7.4,,,,10,231.25,6
2217.6,0.85,,7.4,,,,20,230,6
1385.6,0.85,,6.5,,,,0.5,262.5,6
1385.6,0.85,,6.5,,,,1,256.25,6
1385.6,0.85,,6.5,,,,2,250,6
1385.6,0.85,,6.5,,,,5,234.38,6
1385.6,0.85,,6.5,,,,10,228.13,6
1385.6,0.85,,6.5,,,,20,218.75,6
1066.9,0.85,,6.7,,,,0.5,212.5,6
1066.9,0.85,,6.7,,,,1,212.6,6
1066.9,0.85,,6.7,,,,2,203.13,6
1066.9,0.85,,6.7,,,,5,196.88,6
1066.9,0.85,,6.7,,,,10,195,6
1066.9,0.85,,6.7,,,,20,190.63,6
1824.6,0.85,,7.1,,,,0.5,231.25,6
1824.6,0.85,,7.1,,,,1,228.13,6
1824.6,0.85,,7.1,,,,2,225,6
1824.6,0.85,,7.1,,,,5,215.63,6
1824.6,0.85,,7.1,,,,10,206.25,6
1824.6,0.85,,7.1,,,,20,200,6
887,0.85,3.4,,,,,1,286,6
71.5,1.3,,21.13,,,,0.4,260.5,6
71.5,1.3,,21.13,,,,1,224,6
71.5,1.3,,21.13,,,,2,212.5,6
71.5,1.3,,21.13,,,,4,200.6,6
71.5,1.3,,21.13,,,,6,194,6
71.5,1.3,,21.13,,,,8,188.5,6
71.5,1.3,,21.13,,,,10,178,6
71.5,1.3,,21.13,,,,20,155,6
96.78,1.3,,19.69,,,,0.4,225.7,6
96.78,1.3,,19.69,,,,1,205,6
96.78,1.3,,19.69,,,,2,192.5,6
96.78,1.3,,19.69,,,,4,179.3,6
96.78,1.3,,19.69,,,,6,173,6
96.78,1.3,,19.69,,,,8,162.7,6
96.78,1.3,,19.69,,,,10,159,6
96.78,1.3,,19.69,,,,20,138,6
180.71,1.31,,18.18,,,,0.4,195.9,6
180.71,1.31,,18.18,,,,1,175,6
180.71,1.31,,18.18,,,,2,160,6
180.71,1.31,,18.18,,,,4,155.7,6
180.71,1.31,,18.18,,,,6,154.9,6
180.71,1.31,,18.18,,,,8,152,6
180.71,1.31,,18.18,,,,10,143.75,6
180.71,1.31,,18.18,,,,20,126.3,6
227.05,1.21,,15.24,,,,0.4,105,6
227.05,1.21,,15.24,,,,1,68.7,6
227.05,1.21,,15.24,,,,2,62,6
227.05,1.21,,15.24,,,,4,56,6
227.05,1.21,,15.24,,,,6,54,6
227.05,1.21,,15.24,,,,8,53,6
227.05,1.21,,15.24,,,,10,51,6
227.05,1.21,,15.24,,,,20,48,6
215,1.26,,10.47,,,,0.4,61.6,6
215,1.26,,10.47,,,,1,50.5,6
215,1.26,,10.47,,,,2,46,6
215,1.26,,10.47,,,,4,39.5,6
215,1.26,,10.47,,,,6,39,6
215,1.26,,10.47,,,,8,38.5,6
215,1.26,,10.47,,,,10,37.5,6
215,1.26,,10.47,,,,20,36,6
2005,0.85,,4.02,3.89,,,0.5,315,6
2005,0.85,,4.02,3.89,,,10,265,6
2005,0.85,,4.02,3.89,,,20,260,6
2005,0.85,,4.02,3.89,,,50,255,6
438.7,1.27,5.03,4.76,,,,1,481,2
438.7,1.27,5.03,4.76,,,,2,404,2
438.7,1.27,5.03,4.76,,,,5,336,2
438.7,1.27,5.03,4.76,,,,10,289,2
438.7,1.27,5.03,4.76,,,,20,230,2
438.7,1.27,5.03,4.76,,,,1,436,1
438.7,1.27,5.03,4.76,,,,2,340,1
438.7,1.27,5.03,4.76,,,,5,286,1
438.7,1.27,5.03,4.76,,,,10,253,1
438.7,1.27,5.03,4.76,,,,20,218,1
108.6,0.95,,5.53,,,,1,127.5,2
108.6,0.95,,5.53,,,,2,120,2
108.6,0.95,,5.53,,,,5,110,2
108.6,0.95,,5.53,,,,10,102.5,2
108.6,0.95,,5.53,,,,20,90,2
444.5,0.84,1.86,,,,,1,280,6
444.5,0.84,1.86,,,,,10,222,6
444.5,0.84,1.86,,,,,20,200,6
444.5,0.84,1.86,,,,,30,175,6
444.5,0.84,2.39,,,,,1,187,6
444.5,0.84,2.39,,,,,10,162.5,6
444.5,0.84,2.39,,,,,20,152,6
444.5,0.84,2.39,,,,,30,150,6
444.5,0.84,2.51,,,,,1,160,6
444.5,0.84,2.51,,,,,10,137.5,6
444.5,0.84,2.51,,,,,20,125,6
444.5,0.84,2.51,,,,,30,112,6
1484,0.84,5.74,,,,,0.2,262.5,1
1484,0.84,5.74,,,,,5,250,1
1484,0.84,5.74,,,,,10,175,1
1484,0.84,5.74,,,,,15,153,1
1484,0.84,5.74,,,,,20,137.5,1
1569,0.84,6.25,,,,,0.2,325,1
1569,0.84,6.25,,,,,5,276,1
1569,0.84,6.25,,,,,10,270,1
1569,0.84,6.25,,,,,15,265,1
1569,0.84,6.25,,,,,20,262,1
198,0.98,1.3,11.9,0.2,,,0.5,298,6
198,0.98,1.3,11.9,0.2,,,1,239,6
198,0.98,1.3,11.9,0.2,,,2,212,6
198,0.98,1.3,11.9,0.2,,,3,201,6
198,0.98,1.3,11.9,0.2,,,5,194,6
198,0.98,1.3,11.9,0.2,,,10,180,6
260,0.99,1.5,11.5,0.3,,,0.5,431,6
260,0.99,1.5,11.5,0.3,,,1,309,6
260,0.99,1.5,11.5,0.3,,,2,263,6
260,0.99,1.5,11.5,0.3,,,3,218,6
260,0.99,1.5,11.5,0.3,,,5,206,6
260,0.99,1.5,11.5,0.3,,,10,193,6
238,0.99,1.6,10.7,0.3,,,0.5,303,6
238,0.99,1.6,10.7,0.3,,,1,211,6
238,0.99,1.6,10.7,0.3,,,2,182,6
238,0.99,1.6,10.7,0.3,,,3,171,6
238,0.99,1.6,10.7,0.3,,,5,164,6
238,0.99,1.6,10.7,0.3,,,10,151,6
95.9,1.08,0.92,,0.82,,,0.5,164.4,6
95.9,1.08,0.92,,0.82,,,50,100,6
94.8,1.1,0.96,,0.89,,,0.5,189.4,6
94.8,1.1,0.96,,0.89,,,50,102.5,6
80,1.13,1.21,,1.7,,,0.5,212.5,6
80,1.13,1.21,,1.7,,,50,125.63,6
38.7,1.17,1.23,,2.1,,,0.5,203.9,6
38.7,1.17,1.23,,2.1,,,50,124.8,6
37.9,1.18,1.36,,2.43,,,0.5,195.5,6
37.9,1.18,1.36,,2.43,,,50,118.8,6
726.4,1.69,4.05,,,,,1,178,6
726.4,1.69,4.05,,,,,5,164,6
726.4,1.69,4.05,,,,,10,155,6
726.4,1.69,4.05,,,,,20,147,6
726.4,1.69,4.05,,,,,50,142,6
851.3,1.99,6.46,,,,,1,114,6
851.3,1.99,6.46,,,,,5,102,6
851.3,1.99,6.46,,,,,10,95,6
851.3,1.99,6.46,,,,,20,88,6
851.3,1.99,6.46,,,,,50,78,6
437.9,1.72,5.47,,,,,1,156,6
437.9,1.72,5.47,,,,,5,138,6
437.9,1.72,5.47,,,,,10,126,6
437.9,1.72,5.47,,,,,20,118,6
437.9,1.72,5.47,,,,,50,109,6
173,0.92,8.2,20.4,,,,1,120,1
173,0.92,8.2,20.4,,,,2,108,1
173,0.92,8.2,20.4,,,,5,93,1
238,0.96,8.7,11.2,,,,1,113,1
238,0.96,8.7,11.2,,,,2,105,1
238,0.96,8.7,11.2,,,,5,103,1
283,0.97,8.5,10.9,,,,1,168,1
283,0.97,8.5,10.9,,,,2,160,1
283,0.97,8.5,10.9,,,,5,147,1
308.8,1.01,1.46,11.94,1.14,,,0.5,378,6
308.8,1.01,1.46,11.94,1.14,,,1,352,6
308.8,1.01,1.46,11.94,1.14,,,2,325,6
308.8,1.01,1.46,11.94,1.14,,,5,308,6
308.8,1.01,1.46,11.94,1.14,,,10,292,6
410.2,1.03,2.19,9.14,3.71,,,0.5,448,6
410.2,1.03,2.19,9.14,3.71,,,1,399,6
410.2,1.03,2.19,9.14,3.71,,,2,372,6
410.2,1.03,2.19,9.14,3.71,,,5,330,6
410.2,1.03,2.19,9.14,3.71,,,10,300,6
248.8,1.04,2.52,9.36,3.2,,,0.5,340,6
248.8,1.04,2.52,9.36,3.2,,,1,302,6
248.8,1.04,2.52,9.36,3.2,,,2,298,6
248.8,1.04,2.52,9.36,3.2,,,5,276,6
248.8,1.04,2.52,9.36,3.2,,,10,265,6
162.4,1.87,,15.34,0,,,0.5,40,6
269.4,2.17,,35.15,11.25,,,0.5,181.5,6
271.1,2.18,,25.01,7.92,,,0.5,209.3,6
274.4,2.19,,15.34,3.83,,,0.5,237,6
280,2.32,,15.07,3.42,,,0.5,253.2,6
287.9,2.57,,8.11,1.47,,,0.5,270.4,6
649,1.02,4.12,8.21,,,,0.5,199.5,6
649,1.02,4.12,8.21,,,,1,190,6
649,1.02,4.12,8.21,,,,2,174,6
649,1.02,4.12,8.21,,,,3,170,6
649,1.02,4.12,8.21,,,,4,166,6
649,1.02,4.12,8.21,,,,5,162,6
649,1.02,4.12,8.21,,,,20,151,6
85,1,3.08,9.26,,,,0.5,99,6
85,1,3.08,9.26,,,,1,95,6
85,1,3.08,9.26,,,,2,89,6
85,1,3.08,9.26,,,,3,83,6
85,1,3.08,9.26,,,,4,80.5,6
85,1,3.08,9.26,,,,5,79.8,6
85,1,3.08,9.26,,,,20,67,6
1478,0.84,6.92,7.98,0.42,,,1,270,1
1738,0.89,6.35,8.23,0.31,,,1,364,1
2095,0.41,5.05,8.94,0.23,,,1.5,529,1
2095,0.41,5.05,8.94,0.23,,,3,424.8,1
2095,0.41,5.05,8.94,0.23,,,6,420,1
2095,0.41,5.05,8.94,0.23,,,8,377.6,1
2095,0.41,5.05,8.94,0.23,,,30,347.5,1
830,0.97,8.4,9.2,,,,0.2,223,6
830,0.97,8.4,9.2,,,,0.5,216,6
830,0.97,8.4,9.2,,,,1,209,6
830,0.97,8.4,9.2,,,,3,205,6
830,0.97,8.4,9.2,,,,5,200,6
830,0.97,8.4,9.2,,,,10,176,6
710,0.98,,15.1,,,,0.2,206,6
710,0.98,,15.1,,,,0.5,203,6
710,0.98,,15.1,,,,1,196,6
710,0.98,,15.1,,,,3,183,6
710,0.98,,15.1,,,,5,176,6
710,0.98,,15.1,,,,10,160,6
305.2,0.99,0.9,13.7,0.3,,,0.5,566,6
305.2,0.99,0.9,13.7,0.3,,,1,344,6
305.2,0.99,0.9,13.7,0.3,,,2,280,6
305.2,0.99,0.9,13.7,0.3,,,3,275,6
305.2,0.99,0.9,13.7,0.3,,,5,262,6
305.2,0.99,0.9,13.7,0.3,,,10,249,6
361.1,1,0.3,14.2,,,,0.5,371,6
361.1,1,0.3,14.2,,,,1,298,6
361.1,1,0.3,14.2,,,,2,250,6
361.1,1,0.3,14.2,,,,3,240,6
361.1,1,0.3,14.2,,,,5,234,6
361.1,1,0.3,14.2,,,,10,220,6
322.4,1.03,,13.4,0.1,,,0.5,282,6
322.4,1.03,,13.4,0.1,,,1,238,6
322.4,1.03,,13.4,0.1,,,2,222,6
322.4,1.03,,13.4,0.1,,,3,210,6
322.4,1.03,,13.4,0.1,,,5,201,6
322.4,1.03,,13.4,0.1,,,10,180,6
285.1,1,0.7,14.9,0.2,,,0.5,385,6
285.1,1,0.7,14.9,0.2,,,10,219,6
156.9,1,1.3,12.3,3.2,,,0.5,263,6
156.9,1,1.3,12.3,3.2,,,10,147,6
187,1.47,1.64,10.1,0.74,,,0.5,202,6
187,1.47,1.64,10.1,0.74,,,1,199,6
187,1.47,1.64,10.1,0.74,,,2,199,6
187,1.47,1.64,10.1,0.74,,,5,168,6
187,1.47,1.64,10.1,0.74,,,10,154,6
211,1.48,1.39,11.49,0.7,,,0.5,204,6
211,1.48,1.39,11.49,0.7,,,1,200,6
211,1.48,1.39,11.49,0.7,,,2,196,6
211,1.48,1.39,11.49,0.7,,,5,174,6
211,1.48,1.39,11.49,0.7,,,10,160,6
252,1.51,1.96,13.22,0.97,,,0.5,251,6
252,1.51,1.96,13.22,0.97,,,1,248,6
252,1.51,1.96,13.22,0.97,,,2,242,6
252,1.51,1.96,13.22,0.97,,,5,230,6
252,1.51,1.96,13.22,0.97,,,10,225,6
710,1.35,1.1,18.8,1.3,,,1,150,6
710,1.35,1.1,18.8,1.3,,,2,102,6
710,1.35,1.1,18.8,1.3,,,3,62,6
710,1.35,1.1,18.8,1.3,,,5,50,6
710,1.35,1.1,18.8,1.3,,,10,38,6
710,1.35,1.1,18.8,1.3,,,20,25,6
396,1.03,2.4,16,,,,1,140,6
396,1.03,2.4,16,,,,2,120,6
396,1.03,2.4,16,,,,3,113,6
396,1.03,2.4,16,,,,5,80,6
396,1.03,2.4,16,,,,10,65,6
396,1.03,2.4,16,,,,20,50,6
1013,1.41,1.7,21,1.1,,,1,260,6
1013,1.41,1.7,21,1.1,,,2,200,6
1013,1.41,1.7,21,1.1,,,3,150,6
1013,1.41,1.7,21,1.1,,,5,115,6
1013,1.41,1.7,21,1.1,,,10,103,6
1013,1.41,1.7,21,1.1,,,20,95,6
1109,1.43,4.2,22.1,1.3,,,1,420,6
1109,1.43,4.2,22.1,1.3,,,2,350,6
1109,1.43,4.2,22.1,1.3,,,3,323,6
1109,1.43,4.2,22.1,1.3,,,5,305,6
1109,1.43,4.2,22.1,1.3,,,10,285,6
1109,1.43,4.2,22.1,1.3,,,20,280,6
1036,1.38,2.6,24.2,1.1,,,1,280,6
1036,1.38,2.6,24.2,1.1,,,2,220,6
1036,1.38,2.6,24.2,1.1,,,3,180,6
1036,1.38,2.6,24.2,1.1,,,5,140,6
1036,1.38,2.6,24.2,1.1,,,10,130,6
1036,1.38,2.6,24.2,1.1,,,20,118,6
85.76,1.06,,31.49,,,,0.3,184.9,6
85.76,1.06,,31.49,,,,0.5,180,6
85.76,1.06,,31.49,,,,1,172,6
85.76,1.06,,31.49,,,,2,165,6
85.76,1.06,,31.49,,,,3,158,6
85.76,1.06,,31.49,,,,5,150,6
85.76,1.06,,31.49,,,,10,130,6
147.31,0.97,1.1,15.36,,,,0.3,221.9,6
147.31,0.97,1.1,15.36,,,,0.5,215,6
147.31,0.97,1.1,15.36,,,,1,210,6
147.31,0.97,1.1,15.36,,,,2,202,6
147.31,0.97,1.1,15.36,,,,3,192,6
147.31,0.97,1.1,15.36,,,,5,188,6
147.31,0.97,1.1,15.36,,,,10,178,6
149.32,1.02,1.24,15.45,,,,0.3,299.7,6
149.32,1.02,1.24,15.45,,,,0.5,288,6
149.32,1.02,1.24,15.45,,,,1,277,6
149.32,1.02,1.24,15.45,,,,2,265,6
149.32,1.02,1.24,15.45,,,,3,261,6
149.32,1.02,1.24,15.45,,,,5,255,6
149.32,1.02,1.24,15.45,,,,10,242,6
155.99,1.03,1.35,16.9,,,,0.3,257.5,6
155.99,1.03,1.35,16.9,,,,0.5,250,6
155.99,1.03,1.35,16.9,,,,1,239,6
155.99,1.03,1.35,16.9,,,,2,230,6
155.99,1.03,1.35,16.9,,,,3,227,6
155.99,1.03,1.35,16.9,,,,5,222,6
155.99,1.03,1.35,16.9,,,,10,208,6
278.3,0.98,6.8,9.2,,,,1,175,6
348.7,1.01,7,12.8,,,,1,200,6
412.3,1.15,10.1,9.6,,,,1,290,6
337,1.09,8.2,10.9,,,,1,235,6
263.5,1.03,7.9,10.2,,,,1,228,6
410.2,1.11,10,9.3,,,,1,282,6
398.8,1.12,10.1,10.6,,,,1,272,6
537,1.28,,21.6,8.3,,,1,367,6
537,1.28,,21.6,8.3,,,2,338,6
537,1.28,,21.6,8.3,,,5,283,6
537,1.28,,21.6,8.3,,,10,246,6
187,1.09,,19.27,2.2,,,1,210,6
187,1.09,,19.27,2.2,,,2,158,6
187,1.09,,19.27,2.2,,,5,138,6
187,1.09,,19.27,2.2,,,10,94,6
676,1.02,,,26.56,,,1,480,6
676,1.02,,,26.56,,,2,450,6
676,1.02,,,26.56,,,5,390,6
676,1.02,,,26.56,,,10,350,6
676,1.02,,,26.56,,,15,301,6
287,1.32,8.45,2.36,,,,0.5,320,6
287,1.32,8.45,2.36,,,,1,272,6
287,1.32,8.45,2.36,,,,5,210,6
287,1.32,8.45,2.36,,,,10,192,6
287,1.32,8.45,2.36,,,,20,110,6
530,,,16.2,,,,0.2,228,6
354,,13.4,9.4,,,,0.2,239,6
530,,,16.2,,,,0.5,209,6
354,,13.4,9.4,,,,0.5,235,6
530,,,16.2,,,,1,199,6
354,,13.4,9.4,,,,1,231,6
530,,,16.2,,,,2,190,6
354,,13.4,9.4,,,,2,228,6
530,,,16.2,,,,5,175,6
354,,13.4,9.4,,,,5,220,6
530,,,16.2,,,,10,162,6
354,,13.4,9.4,,,,10,214,6
530,,0,16.2,,,,20,142,6
354,,13.4,9.4,,,,20,209,6
388,,4.44,5.51,,,,2,370,1
388,,4.44,5.51,,,,3,325,1
388,,4.44,5.51,,,,4,300,1
388,,4.44,5.51,,,,5,290,1
388,,4.44,5.51,,,,6,285,1
388,,4.44,5.51,,,,8,270,1
388,,4.44,5.51,,,,10,250,1
244,,1.32,3.68,,,,0.5,350,1
244,,1.32,3.68,,,,1,270,1
244,,1.32,3.68,,,,2,175,1
244,,1.32,3.68,,,,3,165,1
244,,1.32,3.68,,,,4,150,1
244,,1.32,3.68,,,,5,145,1
244,,1.32,3.68,,,,6,130,1
244,,1.32,3.68,,,,8,120,1
244,,1.32,3.68,,,,10,110,1
166,1,,21.88,,,,0.5,200,6
191.8,1.06,7.59,16.04,,,,0.5,278.3,6
196.8,1.02,7.71,16.01,,,,0.5,334,6
178.6,1.04,8.08,13.36,,,,0.5,241.1,6
196.8,1.02,4.58,13.53,,,,0.5,204.8,6
196.8,1.02,3.53,15.66,,,,0.5,305,6
196.8,1.02,2.5,19.42,,,,0.5,173.9,6
166,1,,21.88,,,,1,176.87,6
191.8,1.06,7.59,16.04,,,,1,234.53,6
196.8,1.02,7.71,16.01,,,,1,285.5,6
178.6,1.04,8.08,13.36,,,,1,211.68,6
166,1,,21.88,,,,2,163.27,6
191.8,1.06,7.59,16.04,,,,2,211.51,6
196.8,1.02,7.71,16.01,,,,2,259.54,6
178.6,1.04,8.08,13.36,,,,2,200,6
166,1,,21.88,,,,5,153.06,6
191.8,1.06,7.59,16.04,,,,5,194.24,6
196.8,1.02,7.71,16.01,,,,5,238.17,6
178.6,1.04,8.08,13.36,,,,5,183.21,6
166,1,,21.88,,,,10,142.86,6
191.8,1.06,7.59,16.04,,,,10,179.86,6
196.8,1.02,7.71,16.01,,,,10,226.72,6
178.6,1.04,8.08,13.36,,,,10,171.53,6
166,1,,21.88,,,,20,132.65,6
191.8,1.06,7.59,16.04,,,,20,165.47,6
196.8,1.02,7.71,16.01,,,,20,209.92,6
178.6,1.04,8.08,13.36,,,,20,163.5,6
267.1,0.85,,17.6,,,,0.1,131,6
267.1,0.85,,17.6,,,,0.5,129,6
267.1,0.85,,17.6,,,,1,125,6
267.1,0.85,,17.6,,,,2,112,6
267.1,0.85,,17.6,,,,5,87.5,6
267.1,0.85,,17.6,,,,10,69,6
278.5,0.38,,3.04,,,,0.1,170,6
278.5,0.38,,3.04,,,,0.5,160,6
278.5,0.38,,3.04,,,,1,150,6
278.5,0.38,,3.04,,,,2,125,6
278.5,0.38,,3.04,,,,5,102,6
278.5,0.38,,3.04,,,,10,84,6
353.1,0.46,1.1,7.23,,,,0.1,219,6
353.1,0.46,1.1,7.23,,,,0.5,175,6
353.1,0.46,1.1,7.23,,,,1,162,6
353.1,0.46,1.1,7.23,,,,2,148,6
353.1,0.46,1.1,7.23,,,,5,125,6
353.1,0.46,1.1,7.23,,,,10,97,6
462.1,0.54,1.87,7.68,,,,0.1,279,6
462.1,0.54,1.87,7.68,,,,0.5,276,6
462.1,0.54,1.87,7.68,,,,1,222,6
462.1,0.54,1.87,7.68,,,,2,180,6
462.1,0.54,1.87,7.68,,,,5,150,6
462.1,0.54,1.87,7.68,,,,10,124,6
407,0.77,2.46,6.85,,,,0.1,229,6
407,0.77,2.46,6.85,,,,0.5,210,6
407,0.77,2.46,6.85,,,,1,180,6
407,0.77,2.46,6.85,,,,2,150,6
407,0.77,2.46,6.85,,,,5,136,6
407,0.77,2.46,6.85,,,,10,110,6
175.9,1.14,9.69,6.36,1.2,,,1,323.8,6
175.9,1.14,9.69,6.36,1.2,,,2,316.7,6
175.9,1.14,9.69,6.36,1.2,,,5,305.3,6
175.9,1.14,9.69,6.36,1.2,,,10,294.6,6
175.9,1.14,9.69,6.36,1.2,,,20,286.3,6
131.3,1.24,8.48,32.32,4.59,,,0.2,158,6
131.3,1.24,8.48,32.32,4.59,,,0.5,149,6
131.3,1.24,8.48,32.32,4.59,,,1,142,6
131.3,1.24,8.48,32.32,4.59,,,5,132,6
131.3,1.24,8.48,32.32,4.59,,,10,124,6
284.8,1.27,10.28,27.56,3.86,,,0.2,167,6
284.8,1.27,10.28,27.56,3.86,,,0.5,161,6
284.8,1.27,10.28,27.56,3.86,,,1,154,6
284.8,1.27,10.28,27.56,3.86,,,5,142,6
284.8,1.27,10.28,27.56,3.86,,,10,133,6
324.6,1.17,6.4,13.69,2.66,,,0.2,208,6
324.6,1.17,6.4,13.69,2.66,,,0.5,198,6
324.6,1.17,6.4,13.69,2.66,,,1,185,6
324.6,1.17,6.4,13.69,2.66,,,5,177,6
324.6,1.17,6.4,13.69,2.66,,,10,167,6
259.5,1.25,4.88,6.79,2.08,,,0.2,132,6
259.5,1.25,4.88,6.79,2.08,,,0.5,118,6
259.5,1.25,4.88,6.79,2.08,,,1,112,6
259.5,1.25,4.88,6.79,2.08,,,5,95,6
259.5,1.25,4.88,6.79,2.08,,,10,85,6
471.05,1.78,,28.41,,,,0.3,160,0.25
274.44,1.76,1.66,12.91,,,,0.3,349,0.25
471.05,1.78,,28.41,,,,0.5,149,0.25
274.44,1.76,1.66,12.91,,,,0.5,332,0.25
471.05,1.78,,28.41,,,,0.7,140,0.25
274.44,1.76,1.66,12.91,,,,0.7,320,0.25
471.05,1.78,,28.41,,,,1,135,0.25
274.44,1.76,1.66,12.91,,,,1,306,0.25
471.05,1.78,,28.41,,,,2,124,0.25
274.44,1.76,1.66,12.91,,,,2,273,0.25
471.05,1.78,,28.41,,,,3,105,0.25
274.44,1.76,1.66,12.91,,,,3,249,0.25
471.05,1.78,,28.41,,,,4,93,0.25
274.44,1.76,1.66,12.91,,,,4,225,0.25
471.05,1.78,,28.41,,,,5,87,0.25
274.44,1.76,1.66,12.91,,,,5,206,0.25
282.3,1.06,1.26,10.01,1.16,,,0.5,327,6
282.3,1.06,1.26,10.01,1.16,,,1,274,6
282.3,1.06,1.26,10.01,1.16,,,2,263,6
282.3,1.06,1.26,10.01,1.16,,,3,250,6
282.3,1.06,1.26,10.01,1.16,,,5,246,6
282.3,1.06,1.26,10.01,1.16,,,10,229,6
282.3,1.06,1.26,10.01,1.16,,,20,212,6
366,1.11,2.27,9.18,2.39,,,0.5,381,6
366,1.11,2.27,9.18,2.39,,,1,321,6
366,1.11,2.27,9.18,2.39,,,2,310,6
366,1.11,2.27,9.18,2.39,,,3,307,6
366,1.11,2.27,9.18,2.39,,,5,297,6
366,1.11,2.27,9.18,2.39,,,10,280,6
366,1.11,2.27,9.18,2.39,,,20,258,6
257.8,1.08,1.52,8.75,1.91,,,0.5,320,6
257.8,1.08,1.52,8.75,1.91,,,1,265,6
257.8,1.08,1.52,8.75,1.91,,,2,251,6
257.8,1.08,1.52,8.75,1.91,,,3,247,6
257.8,1.08,1.52,8.75,1.91,,,5,227,6
257.8,1.08,1.52,8.75,1.91,,,10,224,6
257.8,1.08,1.52,8.75,1.91,,,20,200,6
966,1.06,1.62,5.96,0.48,,,0.5,261,6
966,1.06,1.62,5.96,0.48,,,1,194,6
966,1.06,1.62,5.96,0.48,,,3,130,6
966,1.06,1.62,5.96,0.48,,,5,119,6
966,1.06,1.62,5.96,0.48,,,8,103,6
1335,1.13,1.6,4.62,0.37,,,0.5,203,6
1335,1.13,1.6,4.62,0.37,,,1,148,6
1335,1.13,1.6,4.62,0.37,,,3,100,6
1335,1.13,1.6,4.62,0.37,,,5,95,6
1335,1.13,1.6,4.62,0.37,,,8,78,6
1934.7,,,3.86,,,,0.3,208,6
1919.1,,,3.24,0.64,,,0.3,234,6
1790.3,,,4.07,1.13,,,0.3,257,6
1630.9,,,6.35,2.37,,,0.3,183,6
1934.7,,,3.86,,,,0.5,195,6
1919.1,,,3.24,0.64,,,0.5,218,6
1790.3,,,4.07,1.13,,,0.5,241,6
1630.9,,,6.35,2.37,,,0.5,153,6
1934.7,,,3.86,,,,1,189,6
1919.1,,,3.24,0.64,,,1,207,6
1790.3,,,4.07,1.13,,,1,234,6
1630.9,,,6.35,2.37,,,1,167,6
1934.7,,,3.86,,,,2.5,180,6
1919.1,,,3.24,0.64,,,2.5,199,6
1790.3,,,4.07,1.13,,,2.5,223,6
1630.9,,,6.35,2.37,,,2.5,160,6
1934.7,,,3.86,,,,5,177,6
1919.1,,,3.24,0.64,,,5,195,6
1790.3,,,4.07,1.13,,,5,219,6
1630.9,,,6.35,2.37,,,5,158,6
1934.7,,,3.86,,,,10,172,6
1919.1,,,3.24,0.64,,,10,190,6
1790.3,,,4.07,1.13,,,10,214,6
1630.9,,,6.35,2.37,,,10,156,6
1934.7,,,3.86,,,,25,171,6
1919.1,,,3.24,0.64,,,25,179,6
1790.3,,,4.07,1.13,,,25,210,6
1630.9,,,6.35,2.37,,,25,155,6
106.3,1.01,,12.88,,,,1,160,1
106.3,1.01,,12.88,,,,2,150,1
106.3,1.01,,12.88,,,,5,140,1
106.3,1.01,,12.88,,,,8,130,1
106.3,1.01,,12.88,,,,10,127,1
106.3,1.01,,12.88,,,,15,123,1
106.3,1.01,,12.88,,,,20,118,1
193.5,1.05,,11.89,,,,1,215,1
193.5,1.05,,11.89,,,,2,200,1
193.5,1.05,,11.89,,,,5,185,1
193.5,1.05,,11.89,,,,8,178,1
193.5,1.05,,11.89,,,,10,175,1
193.5,1.05,,11.89,,,,15,173,1
193.5,1.05,,11.89,,,,20,171,1
129.2,1.33,4.25,11.2,2.69,,,1,315,1
129.2,1.33,4.25,11.2,2.69,,,2,260,1
129.2,1.33,4.25,11.2,2.69,,,5,223,1
129.2,1.33,4.25,11.2,2.69,,,8,205,1
129.2,1.33,4.25,11.2,2.69,,,10,200,1
129.2,1.33,4.25,11.2,2.69,,,15,193,1
129.2,1.33,4.25,11.2,2.69,,,20,190,1
370.4,1.32,4.8,7.76,2.01,,,1,346,1
370.4,1.32,4.8,7.76,2.01,,,2,302,1
370.4,1.32,4.8,7.76,2.01,,,5,260,1
370.4,1.32,4.8,7.76,2.01,,,8,242,1
370.4,1.32,4.8,7.76,2.01,,,10,235,1
370.4,1.32,4.8,7.76,2.01,,,15,215,1
370.4,1.32,4.8,7.76,2.01,,,20,201,1
261,0.92,,14.03,3.47,,,5,285,3
261,0.92,,14.03,3.47,,,3,320,3
261,0.92,,14.03,3.47,,,10,155,3
109.07,1.21,5.32,8.76,,,,1,359,6
109.07,1.21,5.32,8.76,,,,2,330,6
109.07,1.21,5.32,8.76,,,,3,315,6
109.07,1.21,5.32,8.76,,,,4,300,6
109.07,1.21,5.32,8.76,,,,5,292,6
109.07,1.21,5.32,8.76,,,,10,280,6
39.05,1.02,4.16,9.39,,,,1,280,6
39.05,1.02,4.16,9.39,,,,2,225,6
39.05,1.02,4.16,9.39,,,,3,220,6
39.05,1.02,4.16,9.39,,,,4,220,6
39.05,1.02,4.16,9.39,,,,5,215,6
39.05,1.02,4.16,9.39,,,,10,203,6
531.9,,7.7,13.7,,,,2,320,6
531.9,,7.7,13.7,,,,5,298.5,6
531.9,,7.7,13.7,,,,10,239,6
1888,1.86,,,,,,1,125.5,6
1866,2.01,,,0.97,,,1,119,6
1697,2.03,,,1.2,,,1,137,6
1639,1.93,,,0.87,,,1,124.5,6
1866,2.01,,,0.97,,,2.5,118.8,6
1697,2.03,,,1.2,,,2.5,131,6
1639,1.93,,,0.87,,,2.5,121.5,6
1866,2.01,,,0.97,,,5,112.5,6
1697,2.03,,,1.2,,,5,126,6
1639,1.93,,,0.87,,,5,119,6
1866,2.01,,,0.97,,,10,106.5,6
1697,2.03,,,1.2,,,10,121.5,6
1639,1.93,,,0.87,,,10,118,6
1866,2.01,,,0.97,,,25,98,6
1697,2.03,,,1.2,,,25,110,6
1639,1.93,,,0.87,,,25,114,6
260,,,14.39,,,,0.2,203,6
593,,10.09,13.86,,,,0.2,326,6
502,,4.96,14.02,,,,0.2,238,6
527,,5.93,13.72,,,,0.2,251,6
571,,9.5,11.81,,,,0.2,276,6
544,,8.47,11.77,,,,0.2,289,6
373,,6.36,15.91,,,,0.2,254,6
460,,7.84,14.4,,,,0.2,286,6
413,,7.3,10.73,,,,0.2,281,6
260,,,14.39,,,,1,169,6
593,,10.09,13.86,,,,1,269,6
502,,4.96,14.02,,,,1,210,6
527,,5.93,13.72,,,,1,216,6
571,,9.5,11.81,,,,1,239,6
544,,8.47,11.77,,,,1,250,6
373,,6.36,15.91,,,,1,193,6
460,,7.84,14.4,,,,1,222,6
413,,7.3,10.73,,,,1,207,6
